plant,animal
Allium,Componotus
Arenaria,Componotus
Calendula,Componotus
Erodium,Componotus
Euphorbia,Componotus
Euphorbia,Larus
Fagonia,Componotus
Geranium,Componotus
Hordeum,Componotus
Hordeum,Podarcis
Lavatera,Componotus
Limonium,Componotus
Limonium,Podarcis
Medicago,Componotus
Medicago,Larus
Medicago,Podarcis
Olea,Componotus
Olea,Larus
Ononis,Componotus
Ononis,Podarcis
Suaeda,Componotus
Suaeda,Larus
Suaeda,Podarcis
Withania,Componotus
Withania,Larus
Withania,Podarcis
Withania,Sylvia
